X,Y,ID,LOCN,MPD_NAME,ADDRESS,CITY,ZIP,MPD_TYPE,MAP_TYPE,LABEL,MAP_DESC,MPD_DESC,LD,FULLNAME,CDSCODE,CHARTER,MAP_TYPE_MAPPING,TOOLTIP,NLA_URL,Campus,Budget (incl c/o) FY24,Expenditures FY24,% Exp FY24
-13157737.0803322,4026937.00783967,75,8268,NIMITZ MS,6021 CARMELITA AVE,HUNTINGTON PARK,90255,J,MS,Nimitz Middle,"Middle School (Middle School, Academy School, Special Ed School, Magnet Center on Regular Campus)",Middle School,0,Chester W. Nimitz Middle School,19647336057939, ,MS,Name: Chester W. Nimitz Middle School\nAddress: 6021 CARMELITA AVE HUNTINGTON PARK 90255,navigatela/reports/lausd_school_report.cfm?PK=75,NIMITZ MS,18802827.0,16689938.429999998,0.8876292075654367
-13169036.8222235,4035949.20319297,85,4983,MARIPOSA-NABI PC,987 S MARIPOSA AVE,LOS ANGELES,90006,EP,EP,Mariposa-Nabi PC,"Elementary School (Elementary School, Primary Center, Children Center (EEC), State Preschool, Academy School, Newcomer School, Magnet Center on Regular Campus)",Elementary School,0,Mariposa-Nabi Primary Center,19647330109256, ,ES,Name: Mariposa-Nabi Primary Center\nAddress: 987 S MARIPOSA AVE LOS ANGELES 90006,navigatela/reports/lausd_school_report.cfm?PK=85,MARIPOSA-NABI PC,4369138.0,3324038.890000006,0.7607997023669214
-13172248.2805434,4030105.08549862,92,8028,AUDUBON MS,4120 11TH AVE,LOS ANGELES,90008,J,MS,Audubon Middle,"Middle School (Middle School, Academy School, Special Ed School, Magnet Center on Regular Campus)",Middle School,0,Audubon Middle School,19647336061394, ,MS,Name: Audubon Middle School\nAddress: 4120 11TH AVE LOS ANGELES 90008,navigatela/reports/lausd_school_report.cfm?PK=92,AUDUBON MS,12618220.0,10690015.330000024,0.847188853102896
-13187422.6757863,4026012.94672637,93,3311,WESTSIDE GLBL AWR MAG,104 ANCHORAGE ST,MARINA DEL REY,90292,SP,M,Westside Glbl Awr Mag,Magnet School,Span Magnet,0,Westside Elementary Ecosystems/Environmental Sciences Magnet,19647331931054, ,M,Name: Westside Elementary Ecosystems/Environmental Sciences Magnet\nAddress: 104 ANCHORAGE ST MARINA DEL REY 90292,navigatela/reports/lausd_school_report.cfm?PK=93,WESTSIDE GLBL AWR MAG,5263785.0,4628859.740000002,0.87937857264307
-13170999.9217138,4034939.08099094,94,4980,PIO PICO MS,1512 S ARLINGTON AVE,LOS ANGELES,90019,J,MS,Pio Pico Middle,"Middle School (Middle School, Academy School, Special Ed School, Magnet Center on Regular Campus)",Middle School,0,Pio Pico Middle School,19647336107064, ,MS,Name: Pio Pico Middle School\nAddress: 1512 S ARLINGTON AVE LOS ANGELES 90019,navigatela/reports/lausd_school_report.cfm?PK=94,PIO PICO MS,6573638.0,4915339.489999995,0.7477350426050224
-13155857.7749778,4034085.90201222,96,8047,BELVEDERE MS,312 N RECORD AVE,LOS ANGELES,90063,J,MS,Belvedere Middle,"Middle School (Middle School, Academy School, Special Ed School, Magnet Center on Regular Campus)",Middle School,0,Belvedere Middle School,19647336057889, ,MS,Name: Belvedere Middle School\nAddress: 312 N RECORD AVE LOS ANGELES 90063,navigatela/reports/lausd_school_report.cfm?PK=96,BELVEDERE MS,13920639.0,11795271.360000052,0.8473225517880358
-13155698.0322868,4039496.82280696,100,8118,EL SERENO MS,2839 N EASTERN AVE,LOS ANGELES,90032,J,MS,El Sereno Middle,"Middle School (Middle School, Academy School, Special Ed School, Magnet Center on Regular Campus)",Middle School,0,El Sereno Middle School,19647336068431, ,MS,Name: El Sereno Middle School\nAddress: 2839 N EASTERN AVE LOS ANGELES 90032,navigatela/reports/lausd_school_report.cfm?PK=100,EL SERENO MS,14959323.0,13958626.209999988,0.933105476096745
-13163632.8630132,4026177.55861992,103,8113,EDISON MS,6500 HOOPER AVE,LOS ANGELES,90001,J,MS,Edison Middle,"Middle School (Middle School, Academy School, Special Ed School, Magnet Center on Regular Campus)",Middle School,0,Thomas A. Edison Middle School,19647336061444, ,MS,Name: Thomas A. Edison Middle School\nAddress: 6500 HOOPER AVE LOS ANGELES 90001,navigatela/reports/lausd_school_report.cfm?PK=103,EDISON MS,15171541.0,13951523.509999998,0.9195851304755396
-13164180.9577639,4036976.25738793,115,8544,ROYBAL LC,1213 WEST 1ST ST,LOS ANGELES,90026,S,HS,Roybal Lrng Ctr,"High School (High School, Academy School, Continuation High School, Newcomer School, Community Day School, Special Ed School, Magnet Center on Regular Campus)",High School,0,Edward R. Roybal Learning Center,19647330117051, ,HS,Name: Edward R. Roybal Learning Center\nAddress: 1213 WEST 1ST ST LOS ANGELES 90026,navigatela/reports/lausd_school_report.cfm?PK=115,ROYBAL LC,21014120.0,17250856.43,0.8209173845966427
-13185355.6793168,4028941.51316079,125,8425,MARK TWAIN MS,2224 WALGROVE AVE,LOS ANGELES,90066,J,MS,Twain Middle,"Middle School (Middle School, Academy School, Special Ed School, Magnet Center on Regular Campus)",Middle School,0,Mark Twain Middle School,19647336058135, ,MS,Name: Mark Twain Middle School\nAddress: 2224 WALGROVE AVE LOS ANGELES 90066,navigatela/reports/lausd_school_report.cfm?PK=125,MARK TWAIN MS,13457351.0,10730641.46000001,0.7973814058948162
-13183106.5894637,4062467.31879607,133,8321,PACOIMA MS,9919 LAUREL CANYON BLVD,PACOIMA,91331,J,MS,Pacoima Middle,"Middle School (Middle School, Academy School, Special Ed School, Magnet Center on Regular Campus)",Middle School,0,Pacoima Middle School,19647336058218, ,MS,Name: Pacoima Middle School\nAddress: 9919 LAUREL CANYON BLVD PACOIMA 91331,navigatela/reports/lausd_school_report.cfm?PK=133,PACOIMA MS,15261992.0,13621229.410000041,0.892493549334847
-13163680.2359258,4030049.37805511,139,8710,EARLY COLLEGE ACAD,1319 E 41ST ST,LOS ANGELES,90011,SA,HS,Early College Acad,"High School (High School, Academy School, Continuation High School, Newcomer School, Community Day School, Special Ed School, Magnet Center on Regular Campus)",Academy School,0,Early College Academy - LA Trade Tech College, , ,HS,Name: Early College Academy - LA Trade Tech College\nAddress: 1319 E 41ST ST LOS ANGELES 90011,navigatela/reports/lausd_school_report.cfm?PK=139,EARLY COLLEGE ACAD,3555023.0,2925825.4899999993,0.8230116907823097
-13189128.2519205,4064090.30495472,145,8354,PORTER MS,15960 KINGSBURY ST,GRANADA HILLS,91344,J,MS,Porter Middle,"Middle School (Middle School, Academy School, Special Ed School, Magnet Center on Regular Campus)",Middle School,0,George K. Porter Middle School,19647336058242, ,MS,Name: George K. Porter Middle School\nAddress: 15960 KINGSBURY ST GRANADA HILLS 91344,navigatela/reports/lausd_school_report.cfm?PK=145,PORTER MS,14011189.0,12388071.900000015,0.8841556487461567
-13163539.5569739,4023713.65806245,162,8112,DREW MS,8511 COMPTON AVE,LOS ANGELES,90001,J,MS,Drew Middle,"Middle School (Middle School, Academy School, Special Ed School, Magnet Center on Regular Campus)",Middle School,0,Charles Drew Middle School,19647336057962, ,MS,Name: Charles Drew Middle School\nAddress: 8511 COMPTON AVE LOS ANGELES 90001,navigatela/reports/lausd_school_report.cfm?PK=162,DREW MS,14312035.0,11058258.299999997,0.77265450370964
-13183438.5428063,4023129.16674454,167,8943,WESM HLTH/SPORTS MED,7400 W MANCHESTER AVE,LOS ANGELES,90045,SS,M,Westchester Med Mag High,Magnet School,High School Magnet - Self Contained,0,Westchester Health/Sports Medicine Magnet High School,19647331939479, ,M,Name: Westchester Health/Sports Medicine Magnet High School\nAddress: 7400 W MANCHESTER AVE LOS ANGELES 90045,navigatela/reports/lausd_school_report.cfm?PK=167,WESM HLTH/SPORTS MED,13367173.0,11384670.650000043,0.8516887340352401
-13167790.1145868,4041276.57740433,172,5170,LEXINGTON AVE PC,4564 W LEXINGTON AVE,LOS ANGELES,90027,EP,EP,Lexington Ave PC,"Elementary School (Elementary School, Primary Center, Children Center (EEC), State Preschool, Academy School, Newcomer School, Magnet Center on Regular Campus)",Elementary School,0,Lexington Avenue Primary Center,19647330109264, ,ES,Name: Lexington Avenue Primary Center\nAddress: 4564 W LEXINGTON AVE LOS ANGELES 90027,navigatela/reports/lausd_school_report.cfm?PK=172,LEXINGTON AVE PC,2905891.0,2663977.370000003,0.9167506179688099
-13167723.099063,4039843.64795487,176,9513,DAYTON EEC,3917 CLINTON ST,LOS ANGELES,90004,Z,ES,Dayton EEC,"Elementary School (Elementary School, Primary Center, Children Center (EEC), State Preschool, Academy School, Newcomer School, Special Ed School, Magnet Center on Regular Campus)",Early Education Center,0,Dayton Early Education Center, , ,ES,Name: Dayton Early Education Center\nAddress: 3917 CLINTON ST LOS ANGELES 90004,navigatela/reports/lausd_school_report.cfm?PK=176,DAYTON EEC,2650140.0,2494346.620000004,0.9412131510033447
-13163108.6245979,4022862.96442481,195,6886,BACA ARTS ACAD,1536 E 89TH ST,LOS ANGELES,90002,E,ES,Baca Arts Acad,"Elementary School (Elementary School, Primary Center, Children Center (EEC), State Preschool, Academy School, Newcomer School, Special Ed School, Magnet Center on Regular Campus)",Elementary School,0,Judith Baca Arts Academy,19647330122176, ,ES,Name: Judith Baca Arts Academy\nAddress: 1536 E 89TH ST LOS ANGELES 90002,navigatela/reports/lausd_school_report.cfm?PK=195,BACA ARTS ACAD,8991038.0,8505439.83999998,0.94599086779524
-13190523.7316795,4067175.8619223,196,4762,KNOLLWOOD PREP ACAD,11822 GERALD AVE,GRANADA HILLS,91344,E,CCA,Knollwood Prep Acad,Charter Conversion Affiliated - Elementary School Level,Elementary School,0,Knollwood Preparatory Academy,19647336017743,Y,CHAR,Name: Knollwood Preparatory Academy\nAddress: 11822 GERALD AVE GRANADA HILLS 91344,navigatela/reports/lausd_school_report.cfm?PK=196,KNOLLWOOD PREP ACAD,7845952.0,6050190.879999987,0.7711225967224865
-13185736.2613851,4066458.49783549,197,9555,SAN FERNANDO EEC,1204 WOODWORTH ST,SAN FERNANDO,91340,Z,ES,San Fernando EEC,"Elementary School (Elementary School, Primary Center, Children Center (EEC), State Preschool, Academy School, Newcomer School, Special Ed School, Magnet Center on Regular Campus)",Early Education Center,0,San Fernando Early Education Center, , ,ES,Name: San Fernando Early Education Center\nAddress: 1204 WOODWORTH ST SAN FERNANDO 91340,navigatela/reports/lausd_school_report.cfm?PK=197,SAN FERNANDO EEC,3143112.0,2967777.7800000003,0.9442163626367753
-13165889.954457,4030883.17316396,223,7220,MAPLE PC,3601 S MAPLE AVE,LOS ANGELES,90011,EP,ES,Maple PC,"Elementary School (Elementary School, Primary Center, Children Center (EEC), State Preschool, Academy School, Newcomer School, Special Ed School, Magnet Center on Regular Campus)",Primary Center,0,Maple Primary Center,19647330106922, ,ES,Name: Maple Primary Center\nAddress: 3601 S MAPLE AVE LOS ANGELES 90011,navigatela/reports/lausd_school_report.cfm?PK=223,MAPLE PC,4454099.0,4207060.580000007,0.9445368367429656
-13171939.9165984,4034199.21079104,268,9289,LOS ANGELES TECH CTR,3721 W WASHINGTON BLVD,LOS ANGELES,90018,A,O,Los Angeles Tech Ctr,"Adult Education, Skill Center, Occupational Center, Opportunity School, Community Day School",Community Adult School,0,Los Angeles Technology Center,19647330110312, ,O,Name: Los Angeles Technology Center\nAddress: 3721 W WASHINGTON BLVD LOS ANGELES 90018,navigatela/reports/lausd_school_report.cfm?PK=268,LOS ANGELES TECH CTR,10970998.0,10452193.460000005,0.9527112720283063
-13156361.5931519,4032067.11525118,276,6426,AMANECER PC,832 S EASTMAN AVE,LOS ANGELES,90023,EP,EP,Amanecer PC,"Elementary School (Elementary School, Primary Center, Children Center (EEC), State Preschool, Academy School, Newcomer School, Magnet Center on Regular Campus)",Elementary School,0,Amanecer Primary Center,19647330109280, ,ES,Name: Amanecer Primary Center\nAddress: 832 S EASTMAN AVE LOS ANGELES 90023,navigatela/reports/lausd_school_report.cfm?PK=276,AMANECER PC,3172849.0,2664892.790000004,0.8399053311393023
-13164435.5332843,4005954.03788545,279,8090,CARNEGIE MS,21820 BONITA ST,CARSON,90745,J,MS,Carnegie Middle,"Middle School (Middle School, Academy School, Special Ed School, Magnet Center on Regular Campus)",Middle School,0,Andrew Carnegie Middle School,19647336057913, ,MS,Name: Andrew Carnegie Middle School\nAddress: 21820 BONITA ST CARSON 90745,navigatela/reports/lausd_school_report.cfm?PK=279,CARNEGIE MS,14288179.0,12485404.470000003,0.8738275514325515
-13165330.2506102,4033516.09431935,280,9058,FRIEDMAN OCC CTR,1646 S OLIVE ST,LOS ANGELES,90015,L,O,Friedman Occup Ctr,"Adult Education, Skill Center, Occupational Center, Opportunity School, Community Day School",Regional Occupation Center,0,Abram Friedman Occupational Center,19647331931278, ,O,Name: Abram Friedman Occupational Center\nAddress: 1646 S OLIVE ST LOS ANGELES 90015,navigatela/reports/lausd_school_report.cfm?PK=280,FRIEDMAN OCC CTR,14946958.0,12646966.249999966,0.8461230873867422
-13183697.9531895,4029003.9416861,285,1952,MCBRIDE SP ED CTR,3960 CENTINELA AVE,LOS ANGELES,90066,H,SS,McBride Spec Ed Ctr,"Span School (Span School, Special Ed School)",Handicapped (Special Ed),0,James J. McBride Special Education Center,19647336060511, ,SS,Name: James J. McBride Special Education Center\nAddress: 3960 CENTINELA AVE LOS ANGELES 90066,navigatela/reports/lausd_school_report.cfm?PK=285,MCBRIDE SP ED CTR,6556696.0,6476921.560000027,0.9878331342493272
-13164145.6464483,4032958.38788169,287,8801,CITY OF ANGELS,1449 S SAN PEDRO ST,LOS ANGELES,90015,O,O,City of Angels,"Adult Education, Skill Center, Occupational Center, Opportunity School, Community Day School",Opportunity School and Unit,0,City of Angels Independent Studies,19647331996115, ,O,Name: City of Angels Independent Studies\nAddress: 1449 S SAN PEDRO ST LOS ANGELES 90015,navigatela/reports/lausd_school_report.cfm?PK=287,CITY OF ANGELS,17813105.0,14113807.64999999,0.7923272023602841
-13182451.2649075,4027016.87012256,290,8235,MARINA DEL REY MS,12500 BRADDOCK DR,LOS ANGELES,90066,J,MS,Marina Del Rey Middle,"Middle School (Middle School, Academy School, Special Ed School, Magnet Center on Regular Campus)",Middle School,0,Marina Del Rey Middle School,19647336058127, ,MS,Name: Marina Del Rey Middle School\nAddress: 12500 BRADDOCK DR LOS ANGELES 90066,navigatela/reports/lausd_school_report.cfm?PK=290,MARINA DEL REY MS,11345835.0,8884508.489999983,0.7830634316469421
-13156254.4960115,4045073.35370332,299,9534,MERIDIAN EEC,6124 RUBY PL,LOS ANGELES,90042,Z,ES,Meridian EEC,"Elementary School (Elementary School, Primary Center, Children Center (EEC), State Preschool, Academy School, Newcomer School, Special Ed School, Magnet Center on Regular Campus)",Early Education Center,0,Meridian Early Education Center, , ,ES,Name: Meridian Early Education Center\nAddress: 6124 RUBY PL LOS ANGELES 90042,navigatela/reports/lausd_school_report.cfm?PK=299,MERIDIAN EEC,2100100.0,1981051.3699999992,0.9433128755773531
-13163666.9530867,4008708.15949441,310,8103,CURTISS MS,1254 E HELMICK ST,CARSON,90746,J,MS,Curtiss Middle,"Middle School (Middle School, Academy School, Special Ed School, Magnet Center on Regular Campus)",Middle School,0,Glenn Hammond Curtiss Middle School,19647336066294, ,MS,Name: Glenn Hammond Curtiss Middle School\nAddress: 1254 E HELMICK ST CARSON 90746,navigatela/reports/lausd_school_report.cfm?PK=310,CURTISS MS,8353063.0,7400366.219999997,0.8859464151054526
-13157566.092109,4043759.28410106,317,5385,RIORDAN PC,5531 MONTE VISTA ST,LOS ANGELES,90042,EP,ES,Riordan PC,"Elementary School (Elementary School, Primary Center, Children Center (EEC), State Preschool, Academy School, Newcomer School, Special Ed School, Magnet Center on Regular Campus)",Primary Center,0,Richard Riordan Primary Center,19647330101618, ,ES,Name: Richard Riordan Primary Center\nAddress: 5531 MONTE VISTA ST LOS ANGELES 90042,navigatela/reports/lausd_school_report.cfm?PK=317,RIORDAN PC,3826746.0,3080852.5999999964,0.805084162889305
-13180671.7225364,4024468.08829867,318,8493,WRIGHT ENG DES MAG,6550 W 80TH ST,LOS ANGELES,90045,J,M,Wright Eng Des Mag,Magnet School,Middle School Magnet - Self Contained,0,Orville Wright Engineering and Design Magnet School,19647336058382, ,M,Name: Orville Wright Engineering and Design Magnet School\nAddress: 6550 W 80TH ST LOS ANGELES 90045,navigatela/reports/lausd_school_report.cfm?PK=318,WRIGHT ENG DES MAG,8648458.0,7559126.099999995,0.8740432225027854
-13181936.131172,4031769.1925167,323,8340,PALMS MS,10860 WOODBINE ST,LOS ANGELES,90034,J,MS,Palms Middle,"Middle School (Middle School, Academy School, Special Ed School, Magnet Center on Regular Campus)",Middle School,0,Palms Middle School,19647336058226, ,MS,Name: Palms Middle School\nAddress: 10860 WOODBINE ST LOS ANGELES 90034,navigatela/reports/lausd_school_report.cfm?PK=323,PALMS MS,16392224.0,13777684.489999985,0.8405012333896844
-13199102.5990852,4056092.21298607,324,8406,SUTTER MS,7330 WINNETKA AVE,CANOGA PARK,91306,J,MS,Sutter Middle,"Middle School (Middle School, Academy School, Special Ed School, Magnet Center on Regular Campus)",Middle School,0,John A. Sutter Middle,19647336058325, ,MS,Name: John A. Sutter Middle\nAddress: 7330 WINNETKA AVE CANOGA PARK 91306,navigatela/reports/lausd_school_report.cfm?PK=324,SUTTER MS,14749280.0,11864014.849999985,0.8043792544449617
-13169814.3295249,4019194.70678115,327,8760,MIDDLE COLLEGE HS,1600 W IMPERIAL HWY,LOS ANGELES,90047,SA,HS,Middle College High,"High School (High School, Academy School, Continuation High School, Newcomer School, Community Day School, Special Ed School, Magnet Center on Regular Campus)",Academy School,0,Middle College High School,19647330102913, ,HS,Name: Middle College High School\nAddress: 1600 W IMPERIAL HWY LOS ANGELES 90047,navigatela/reports/lausd_school_report.cfm?PK=327,MIDDLE COLLEGE HS,5867719.0,4779586.909999983,0.8145562031855962
-13186558.4092721,4066222.0964825,342,9329,NORTH VALLEY OCC CTR,11450 SHARP AVE,MISSION HILLS,91345,L,O,North Valley Occ Ctr,"Adult Education, Skill Center, Occupational Center, Opportunity School, Community Day School",Regional Occupation Center,0,North Valley Occupational Center,19647331930841, ,O,Name: North Valley Occupational Center\nAddress: 11450 SHARP AVE MISSION HILLS 91345,navigatela/reports/lausd_school_report.cfm?PK=342,NORTH VALLEY OCC CTR,13747051.0,11936394.21000002,0.8682876211050661
-13163844.6358681,4028208.59053283,346,4576,HOOPER AVE PC,1280 E 52ND ST,LOS ANGELES,90011,EP,EP,Hooper Ave PC,"Elementary School (Elementary School, Primary Center, Children Center (EEC), State Preschool, Academy School, Newcomer School, Magnet Center on Regular Campus)",Elementary School,0,Hooper Avenue Primary Center,19647330109249, ,ES,Name: Hooper Avenue Primary Center\nAddress: 1280 E 52ND ST LOS ANGELES 90011,navigatela/reports/lausd_school_report.cfm?PK=346,HOOPER AVE PC,4072861.0,3602190.4099999857,0.8844373549698813
-13157781.0501145,4025951.69207412,350,3220,ESCUTIA PC,6401 BEAR AVE,BELL,90201,EP,EP,Escutia PC,"Elementary School (Elementary School, Primary Center, Children Center (EEC), State Preschool, Academy School, Newcomer School, Magnet Center on Regular Campus)",Elementary School,0,Martha Escutia Primary Center,19647330109207, ,ES,Name: Martha Escutia Primary Center\nAddress: 6401 BEAR AVE BELL 90201,navigatela/reports/lausd_school_report.cfm?PK=350,ESCUTIA PC,4211646.0,3828149.0700000157,0.90894369327337
-13157740.1708944,4022356.92352493,355,8377,SOUTH GATE MS,4100 FIRESTONE BLVD,SOUTH GATE,90280,J,MS,South Gate Middle,"Middle School (Middle School, Academy School, Special Ed School, Magnet Center on Regular Campus)",Middle School,0,South Gate Middle School,19647336058309, ,MS,Name: South Gate Middle School\nAddress: 4100 FIRESTONE BLVD SOUTH GATE 90280,navigatela/reports/lausd_school_report.cfm?PK=355,SOUTH GATE MS,19475510.0,18452095.480000045,0.9474512082096974
-13164655.9255981,4029192.68100272,356,8094,CARVER MS,4410 MC KINLEY AV,LOS ANGELES,90011,J,MS,Carver Middle,"Middle School (Middle School, Academy School, Special Ed School, Magnet Center on Regular Campus)",Middle School,0,George Washington Carver Middle School,19647336057921, ,MS,Name: George Washington Carver Middle School\nAddress: 4410 MC KINLEY AV LOS ANGELES 90011,navigatela/reports/lausd_school_report.cfm?PK=356,CARVER MS,13964166.0,12087694.29999999,0.8656223579696768
-13168747.6311178,4034008.63000033,364,1955,SALVIN SP ED CTR,1925 BUDLONG AVE,LOS ANGELES,90007,H,ES,Salvin Spec Ed Ctr,"Elementary School (Elementary School, Primary Center, Children Center (EEC), State Preschool, Academy School, Newcomer School, Special Ed School, Magnet Center on Regular Campus)",Handicapped (Special Ed),0,Sophia T. Salvin Special Education Center,19647336060586, ,ES,Name: Sophia T. Salvin Special Education Center\nAddress: 1925 BUDLONG AVE LOS ANGELES 90007,navigatela/reports/lausd_school_report.cfm?PK=364,SALVIN SP ED CTR,6478965.0,6163605.53,0.9513256407466316
-13173118.5832958,4037341.7909938,368,8075,BURROUGHS MS,600 S MC CADDEN P,LOS ANGELES,90005,J,MS,Burroughs Middle,"Middle School (Middle School, Academy School, Special Ed School, Magnet Center on Regular Campus)",Middle School,0,John Burroughs Middle School,19647336061410, ,MS,Name: John Burroughs Middle School\nAddress: 600 S MC CADDEN P LOS ANGELES 90005,navigatela/reports/lausd_school_report.cfm?PK=368,BURROUGHS MS,18155398.0,14468474.940000009,0.7969241401372753
-13157309.0055984,4046771.3455887,369,6329,ROCKDALE VAPA MAG,1303 YOSEMITE DR,LOS ANGELES,90041,ES,M,Rockdale VAPA Mag,Magnet School,Elementary School Magnet - Self Contained,0,Rockdale Visual and Performing Arts Magnet School,19647336018949, ,M,Name: Rockdale Visual and Performing Arts Magnet School\nAddress: 1303 YOSEMITE DR LOS ANGELES 90041,navigatela/reports/lausd_school_report.cfm?PK=369,ROCKDALE VAPA MAG,3951473.0,3711227.359999999,0.9392009916302095
-13159310.0980712,4033639.67308393,373,8179,HOLLENBECK MS,2510 E SIXTH ST,LOS ANGELES,90023,J,MS,Hollenbeck Middle,"Middle School (Middle School, Academy School, Special Ed School, Magnet Center on Regular Campus)",Middle School,0,Hollenbeck Middle School,19647336058051, ,MS,Name: Hollenbeck Middle School\nAddress: 2510 E SIXTH ST LOS ANGELES 90023,navigatela/reports/lausd_school_report.cfm?PK=373,HOLLENBECK MS,16630427.0,14997472.97000004,0.9018092542061632
-13165159.3707653,4037071.51033335,378,8045,CASTRO MS,1575 W 2ND ST,LOS ANGELES,90026,J,MS,Castro Middle,"Middle School (Middle School, Academy School, Special Ed School, Magnet Center on Regular Campus)",Middle School,0,Sal B. Castro Middle School,19647330119701, ,MS,Name: Sal B. Castro Middle School\nAddress: 1575 W 2ND ST LOS ANGELES 90026,navigatela/reports/lausd_school_report.cfm?PK=378,CASTRO MS,5971812.0,5245988.40999999,0.8784583992262298
-13165947.8477285,4031898.41709116,392,8009,ADAMS MS,151 W 30TH ST,LOS ANGELES,90007,J,MS,Adams Middle,"Middle School (Middle School, Academy School, Special Ed School, Magnet Center on Regular Campus)",Middle School,0,John Adams Middle School,19647336057855, ,MS,Name: John Adams Middle School\nAddress: 151 W 30TH ST LOS ANGELES 90007,navigatela/reports/lausd_school_report.cfm?PK=392,ADAMS MS,11898164.0,10685046.549999986,0.8980416264223611
-13177025.1191098,4034768.41265879,403,8741,LACES MAG,5931 W 18TH ST,LOS ANGELES,90035,SP,M,Los Angeles Ctr for Enriched Studies,Magnet School,Span Magnet,0,Los Angeles Center for Enriched Studies,19647331932847, ,M,Name: Los Angeles Center for Enriched Studies\nAddress: 5931 W 18TH ST LOS ANGELES 90035,navigatela/reports/lausd_school_report.cfm?PK=403,LACES MAG,15350962.0,14981213.44000003,0.9759136554438758
-13192082.6677713,4061170.03013513,409,8182,HOLMES MS,9351 PASO ROBLES AVE,NORTHRIDGE,91325,J,MS,Holmes Middle,"Middle School (Middle School, Academy School, Special Ed School, Magnet Center on Regular Campus)",Middle School,0,Oliver Wendell Holmes Middle School,19647336058069, ,MS,Name: Oliver Wendell Holmes Middle School\nAddress: 9351 PASO ROBLES AVE NORTHRIDGE 91325,navigatela/reports/lausd_school_report.cfm?PK=409,HOLMES MS,13734999.0,12506953.920000032,0.9105900859548685
-13160982.7613439,4021466.27485955,423,8153,SOUTHEAST MS,2560 TWEEDY BLVD,SOUTH GATE,90280,J,MS,Southeast Middle,"Middle School (Middle School, Academy School, Special Ed School, Magnet Center on Regular Campus)",Middle School,0,Southeast Middle School,19647330106989, ,MS,Name: Southeast Middle School\nAddress: 2560 TWEEDY BLVD SOUTH GATE 90280,navigatela/reports/lausd_school_report.cfm?PK=423,SOUTHEAST MS,18812953.0,17090885.510000005,0.9084637329397467
-13166913.2966086,4037726.41129014,439,2543,LAFAYETTE PARK PC,310 S LAFAYETTE PARK PL,LOS ANGELES,90057,EP,ES,Lafayette Park PC,"Elementary School (Elementary School, Primary Center, Children Center (EEC), State Preschool, Academy School, Newcomer School, Special Ed School, Magnet Center on Regular Campus)",Primary Center,0,Lafayette Park Primary Center,19647336119093, ,ES,Name: Lafayette Park Primary Center\nAddress: 310 S LAFAYETTE PARK PL LOS ANGELES 90057,navigatela/reports/lausd_school_report.cfm?PK=439,LAFAYETTE PARK PC,2877504.0,2442502.2000000034,0.8488266914659384
-13165048.2240579,4027539.61912553,451,8200,LOS ANGELES ACAD MS,644 E 56TH ST,LOS ANGELES,90011,J,MS,Los Angeles Academy Middle,"Middle School (Middle School, Academy School, Special Ed School, Magnet Center on Regular Campus)",Middle School,0,Los Angeles Academy Middle School,19647336115794, ,MS,Name: Los Angeles Academy Middle School\nAddress: 644 E 56TH ST LOS ANGELES 90011,navigatela/reports/lausd_school_report.cfm?PK=451,LOS ANGELES ACAD MS,18390241.0,14644633.489999976,0.7963263499374464
-13158537.7028936,4036223.8189442,452,9080,ELA OCC CTR,2100 MARENGO ST,LOS ANGELES,90033,L,O,East Los Angeles Occup Ctr,"Adult Education, Skill Center, Occupational Center, Opportunity School, Community Day School",Regional Occupation Center,0,East Los Angeles Occupational Center,19647331930858, ,O,Name: East Los Angeles Occupational Center\nAddress: 2100 MARENGO ST LOS ANGELES 90033,navigatela/reports/lausd_school_report.cfm?PK=452,ELA OCC CTR,17397392.0,15255892.589999989,0.8769068714437191
-13164122.7614955,4029296.42194058,453,9497,ROBERTI EEC,1156 E VERNON AVE,LOS ANGELES,90011,Z,ES,Roberti EEC,"Elementary School (Elementary School, Primary Center, Children Center (EEC), State Preschool, Academy School, Newcomer School, Special Ed School, Magnet Center on Regular Campus)",Early Education Center,0,Roberti Early Education Center, , ,ES,Name: Roberti Early Education Center\nAddress: 1156 E VERNON AVE LOS ANGELES 90011,navigatela/reports/lausd_school_report.cfm?PK=453,ROBERTI EEC,2061073.0,1933698.7900000003,0.9382000491976753
-13168217.1709634,4028954.30505132,455,5112,JONES PC,1017 W 47TH ST,LOS ANGELES,90037,EP,ES,Jones PC,"Elementary School (Elementary School, Primary Center, Children Center (EEC), State Preschool, Academy School, Newcomer School, Special Ed School, Magnet Center on Regular Campus)",Primary Center,0,Dr. James Edward Jones Primary Center,19647330117028, ,ES,Name: Dr. James Edward Jones Primary Center\nAddress: 1017 W 47TH ST LOS ANGELES 90037,navigatela/reports/lausd_school_report.cfm?PK=455,JONES PC,3801494.0,3188020.9700000016,0.8386231755199407
-13186976.541133,4058389.23719909,467,8117,VISTA MS,15060 ROSCOE BLVD,VAN NUYS,91402,J,MS,Vista Middle,"Middle School (Middle School, Academy School, Special Ed School, Magnet Center on Regular Campus)",Middle School,0,Vista Middle School,19647330106971, ,MS,Name: Vista Middle School\nAddress: 15060 ROSCOE BLVD VAN NUYS 91402,navigatela/reports/lausd_school_report.cfm?PK=467,VISTA MS,21051260.0,16640666.650000019,0.7904831658532563
-13162218.5577958,4021357.50038153,471,9545,102ND ST EEC,1925 E 102ND ST,LOS ANGELES,90002,Z,ES,102nd St EEC,"Elementary School (Elementary School, Primary Center, Children Center (EEC), State Preschool, Academy School, Newcomer School, Special Ed School, Magnet Center on Regular Campus)",Early Education Center,0,102nd Street EEC, , ,ES,Name: 102nd Street EEC\nAddress: 1925 E 102ND ST LOS ANGELES 90002,navigatela/reports/lausd_school_report.cfm?PK=471,102ND ST EEC,2020441.0,1773601.3500000013,0.8778288254890894
-13165684.3606259,4036086.4361081,483,8058,LIECHTY MS,650 S UNION AVE,LOS ANGELES,90017,J,MS,Liechty Middle,"Middle School (Middle School, Academy School, Special Ed School, Magnet Center on Regular Campus)",Middle School,0,John H. Liechty Middle School,19647330114199, ,MS,Name: John H. Liechty Middle School\nAddress: 650 S UNION AVE LOS ANGELES 90017,navigatela/reports/lausd_school_report.cfm?PK=483,LIECHTY MS,16407851.0,13613392.249999989,0.8296877055989836
-13180978.3282632,4066883.59940937,494,9587,BROADOUS EEC,11736 BROMONT AVE,PACOIMA,91331,Z,ES,Broadous EEC,"Elementary School (Elementary School, Primary Center, Children Center (EEC), State Preschool, Academy School, Newcomer School, Special Ed School, Magnet Center on Regular Campus)",Early Education Center,0,Broadous Early Education Center, , ,ES,Name: Broadous Early Education Center\nAddress: 11736 BROMONT AVE PACOIMA 91331,navigatela/reports/lausd_school_report.cfm?PK=494,BROADOUS EEC,2410047.0,2143634.4699999993,0.8894575375500973
-13201191.4328694,4062702.10231582,498,8585,STONEY POINT HS,10010 DE SOTO AVE,CHATSWORTH,91311,C,HS,Stoney Point High,Continuation High School,Continuation High School,0,Stoney Point Continuation High School,19647331931559, ,HS,Name: Stoney Point Continuation High School\nAddress: 10010 DE SOTO AVE CHATSWORTH 91311,navigatela/reports/lausd_school_report.cfm?PK=498,STONEY POINT HS,2234894.0,2007401.1699999957,0.8982086711942471
-13170975.3609432,4041547.53218468,500,8226,LE CONTE MS,1316 N BRONSON AVE,HOLLYWOOD,90028,J,MS,Le Conte Middle,"Middle School (Middle School, Academy School, Special Ed School, Magnet Center on Regular Campus)",Middle School,0,Joseph Le Conte Middle School,19647336061501, ,MS,Name: Joseph Le Conte Middle School\nAddress: 1316 N BRONSON AVE HOLLYWOOD 90028,navigatela/reports/lausd_school_report.cfm?PK=500,LE CONTE MS,13258809.0,9629093.520000003,0.7262412121631742
-13176255.8518373,4040548.21612938,503,9529,LAUREL EEC,8023 WILLOUGHBY AVE,LOS ANGELES,90046,Z,ES,Laurel EEC,"Elementary School (Elementary School, Primary Center, Children Center (EEC), State Preschool, Academy School, Newcomer School, Special Ed School, Magnet Center on Regular Campus)",Early Education Center,0,Laurel Early Education Center, , ,ES,Name: Laurel Early Education Center\nAddress: 8023 WILLOUGHBY AVE LOS ANGELES 90046,navigatela/reports/lausd_school_report.cfm?PK=503,LAUREL EEC,2098083.0,1880318.4700000004,0.8962078573631265
-13159897.0913294,4026159.85603811,508,8151,GAGE MS,2880 E GAGE AVE,HUNTINGTON PARK,90255,J,MS,Gage Middle,"Middle School (Middle School, Academy School, Special Ed School, Magnet Center on Regular Campus)",Middle School,0,Henry T. Gage Middle School,19647336061469, ,MS,Name: Henry T. Gage Middle School\nAddress: 2880 E GAGE AVE HUNTINGTON PARK 90255,navigatela/reports/lausd_school_report.cfm?PK=508,GAGE MS,19790475.0,17322338.410000008,0.875286642185193
-13167970.7868875,4023374.48196442,511,4020,BAKEWELL PC,8261 S BARING CROSS ST,LOS ANGELES,90044,EP,EP,Bakewell PC,"Elementary School (Elementary School, Primary Center, Children Center (EEC), State Preschool, Academy School, Newcomer School, Magnet Center on Regular Campus)",Elementary School,0,"Danny J. Bakewell, Sr.  Primary Center",19647330109231, ,ES,"Name: Danny J. Bakewell, Sr.  Primary Center\nAddress: 8261 S BARING CROSS ST LOS ANGELES 90044",navigatela/reports/lausd_school_report.cfm?PK=511,BAKEWELL PC,3985846.0,3193263.9600000037,0.8011508623263427
-13182064.1995048,4055207.95420699,515,8230,MADISON MS,13000 HART ST,NO HOLLYWOOD,91605,J,MS,Madison Middle,"Middle School (Middle School, Academy School, Special Ed School, Magnet Center on Regular Campus)",Middle School,0,James Madison Middle School,19647336061519, ,MS,Name: James Madison Middle School\nAddress: 13000 HART ST NO HOLLYWOOD 91605,navigatela/reports/lausd_school_report.cfm?PK=515,MADISON MS,20861146.0,18797204.480000034,0.9010628888748506
-13167570.4649881,3995228.49917008,538,9180,HARBOR OCC CTR,740 N PACIFIC AVE,SAN PEDRO,90731,L,O,Harbor Occ Ctr,"Adult Education, Skill Center, Occupational Center, Opportunity School, Community Day School",Regional Occupation Center,0,Harbor Occupational Center,19647331930114, ,O,Name: Harbor Occupational Center\nAddress: 740 N PACIFIC AVE SAN PEDRO 90731,navigatela/reports/lausd_school_report.cfm?PK=538,HARBOR OCC CTR,11204077.0,10484168.329999998,0.935745829843904
-13158529.0069495,4046507.25757453,551,8614,EAGLE ROCK HS,1750 YOSEMITE DR,LOS ANGELES,90041,EJ,SS,Eagle Rock High,"Span School (Span School, Special Ed School)",Span School,0,Eagle Rock High School,19647331932540, ,SS,Name: Eagle Rock High School\nAddress: 1750 YOSEMITE DR LOS ANGELES 90041,navigatela/reports/lausd_school_report.cfm?PK=551,EAGLE ROCK HS,26919175.0,24744678.009999964,0.919221261795726
-13167769.1353273,4022291.21314119,555,8170,HARTE PREP MS,9301 S HOOVER ST,LOS ANGELES,90044,J,MS,Harte Prep Middle,"Middle School (Middle School, Academy School, Special Ed School, Magnet Center on Regular Campus)",Middle School,0,Bret Harte Preparatory Middle School,19647336058044, ,MS,Name: Bret Harte Preparatory Middle School\nAddress: 9301 S HOOVER ST LOS ANGELES 90044,navigatela/reports/lausd_school_report.cfm?PK=555,HARTE PREP MS,11262873.0,9703992.610000042,0.861591230763238
-13166536.9826995,4031127.55946024,556,8062,CLINTON MS,3500 SOUTH HILL ST,LOS ANGELES,90071,J,MS,Clinton Middle,"Middle School (Middle School, Academy School, Special Ed School, Magnet Center on Regular Campus)",Middle School,0,William Jefferson Clinton Middle School,19647330112011, ,MS,Name: William Jefferson Clinton Middle School\nAddress: 3500 SOUTH HILL ST LOS ANGELES 90071,navigatela/reports/lausd_school_report.cfm?PK=556,CLINTON MS,11376751.0,10948820.319999997,0.962385510590853
-13169241.3599068,4013086.9771092,557,8352,PEARY MS,1415 W GARDENA BLVD,GARDENA,90247,J,MS,Peary Middle,"Middle School (Middle School, Academy School, Special Ed School, Magnet Center on Regular Campus)",Middle School,0,Robert E. Peary Middle School,19647336061576, ,MS,Name: Robert E. Peary Middle School\nAddress: 1415 W GARDENA BLVD GARDENA 90247,navigatela/reports/lausd_school_report.cfm?PK=557,PEARY MS,21101260.0,17576067.580000006,0.8329392453341652
-13168094.3511942,4019762.74295674,566,7630,WASHINGTON PC,860 W 112TH ST,LOS ANGELES,90044,EP,EP,Washington PC,"Elementary School (Elementary School, Primary Center, Children Center (EEC), State Preschool, Academy School, Newcomer School, Magnet Center on Regular Campus)",Elementary School,0,Washington Primary Center,19647330109306, ,ES,Name: Washington Primary Center\nAddress: 860 W 112TH ST LOS ANGELES 90044,navigatela/reports/lausd_school_report.cfm?PK=566,WASHINGTON PC,3160943.0,2440535.2499999995,0.7720908760455344
-13167995.8314977,4038730.47812693,580,8462,VIRGIL MS,152 N VERMONT AVE,LOS ANGELES,90004,J,MS,Virgil Middle,"Middle School (Middle School, Academy School, Special Ed School, Magnet Center on Regular Campus)",Middle School,0,Virgil Middle School,19647336058341, ,MS,Name: Virgil Middle School\nAddress: 152 N VERMONT AVE LOS ANGELES 90004,navigatela/reports/lausd_school_report.cfm?PK=580,VIRGIL MS,16673742.0,14480099.909999993,0.8684373255865415
-13184064.7883236,4032575.45659092,588,8481,WEBSTER MS,11330 W GRAHAM PL,LOS ANGELES,90064,J,MS,Webster Middle,"Middle School (Middle School, Academy School, Special Ed School, Magnet Center on Regular Campus)",Middle School,0,Daniel Webster Middle School,19647336058358, ,MS,Name: Daniel Webster Middle School\nAddress: 11330 W GRAHAM PL LOS ANGELES 90064,navigatela/reports/lausd_school_report.cfm?PK=588,WEBSTER MS,9799401.0,7778380.359999996,0.7937607982365449
-13197693.6180797,4056213.66712849,595,1947,LOKRANTZ SP ED CTR,19451 WYANDOTTE ST,RESEDA,91335,H,SS,Lokrantz Spec Ed Ctr,"Span School (Span School, Special Ed School)",Handicapped (Special Ed),0,Sven Lokrantz Special Education Center,19647336060578, ,SS,Name: Sven Lokrantz Special Education Center\nAddress: 19451 WYANDOTTE ST RESEDA 91335,navigatela/reports/lausd_school_report.cfm?PK=595,LOKRANTZ SP ED CTR,4749540.0,4920997.670000003,1.0360998475641858
-13201583.7997112,4062880.33140588,603,8217,LAWRENCE MS,10100 VARIEL AVE,CHATSWORTH,91311,J,MS,Lawrence Middle,"Middle School (Middle School, Academy School, Special Ed School, Magnet Center on Regular Campus)",Middle School,0,Ernest Lawrence Middle School,19647336058093, ,MS,Name: Ernest Lawrence Middle School\nAddress: 10100 VARIEL AVE CHATSWORTH 91311,navigatela/reports/lausd_school_report.cfm?PK=603,LAWRENCE MS,14000136.0,12318540.530000016,0.8798872046671559
-13166434.875603,4025880.8918021,617,8060,BETHUNE MS,155 W 69TH ST,LOS ANGELES,90003,J,MS,Bethune Middle,"Middle School (Middle School, Academy School, Special Ed School, Magnet Center on Regular Campus)",Middle School,0,Mary McLeod Bethune Middle School,19647336058143, ,MS,Name: Mary McLeod Bethune Middle School\nAddress: 155 W 69TH ST LOS ANGELES 90003,navigatela/reports/lausd_school_report.cfm?PK=617,BETHUNE MS,16368413.0,13499208.139999993,0.8247108708706209
-13184299.9139495,4066811.68323136,631,8358,SAN FERNANDO MS,130 N BRAND BLVD,SAN FERNANDO,91340,J,MS,San Fernando Middle,"Middle School (Middle School, Academy School, Special Ed School, Magnet Center on Regular Campus)",Middle School,0,San Fernando Middle School,19647336058283, ,MS,Name: San Fernando Middle School\nAddress: 130 N BRAND BLVD SAN FERNANDO 91340,navigatela/reports/lausd_school_report.cfm?PK=631,SAN FERNANDO MS,11019151.0,8919693.770000003,0.8094719611338481
-13157817.2118861,4044370.81600159,633,8643,FRANKLIN HS,820 N AVE 54,LOS ANGELES,90042,S,HS,Franklin High,"High School (High School, Academy School, Continuation High School, Newcomer School, Community Day School, Special Ed School, Magnet Center on Regular Campus)",High School,0,Benjamin Franklin High School,19647331933043, ,HS,Name: Benjamin Franklin High School\nAddress: 820 N AVE 54 LOS ANGELES 90042,navigatela/reports/lausd_school_report.cfm?PK=633,FRANKLIN HS,20251607.0,19284145.080000028,0.9522278938160329
-13165794.7234068,4035239.48409582,662,2392,OLYMPIC PC,950 S ALBANY ST,LOS ANGELES,90015,EP,EP,Olympic PC,"Elementary School (Elementary School, Primary Center, Children Center (EEC), State Preschool, Academy School, Newcomer School, Magnet Center on Regular Campus)",Elementary School,0,Olympic Primary Center,19647330109181, ,ES,Name: Olympic Primary Center\nAddress: 950 S ALBANY ST LOS ANGELES 90015,navigatela/reports/lausd_school_report.cfm?PK=662,OLYMPIC PC,3880219.0,3571285.9499999946,0.9203825737670979
-13164339.6194526,4036342.24257814,665,8497,SECONDARY CDS,"333 S BEAUDRY AVE., 18TH FL",LOS ANGELES,90017,CDS,O,Secondary CDS,"Adult Education, Skill Center, Occupational Center, Opportunity School, Community Day School",Opportunity School and Unit,0,Secondary Community Day School,19647331996651, ,O,"Name: Secondary Community Day School\nAddress: 333 S BEAUDRY AVE., 18TH FL LOS ANGELES 90017",navigatela/reports/lausd_school_report.cfm?PK=665,SECONDARY CDS,2328633.0,1811979.7599999998,0.778130242077648
-13167418.0982139,4005416.14633586,666,8487,WHITE MS,22102 S FIGUEROA,CARSON,90745,J,MS,White Middle,"Middle School (Middle School, Academy School, Special Ed School, Magnet Center on Regular Campus)",Middle School,0,Stephen M. White Middle School,19647336058366, ,MS,Name: Stephen M. White Middle School\nAddress: 22102 S FIGUEROA CARSON 90745,navigatela/reports/lausd_school_report.cfm?PK=666,WHITE MS,22455591.0,17961211.659999978,0.7998547738066648
-13168324.1077258,4027019.58736458,676,8255,MUIR MS,5929 S VERMONT AVE,LOS ANGELES,90044,J,MS,Muir Middle,"Middle School (Middle School, Academy School, Special Ed School, Magnet Center on Regular Campus)",Middle School,0,John Muir Middle School,19647336058176, ,MS,Name: John Muir Middle School\nAddress: 5929 S VERMONT AVE LOS ANGELES 90044,navigatela/reports/lausd_school_report.cfm?PK=676,MUIR MS,13301272.0,10144826.869999984,0.7626959940372608
-13160008.4876527,4032099.02874209,686,3426,GARZA PC,2705 E HOSTETTER ST,LOS ANGELES,90022,EP,EP,Garza PC,"Elementary School (Elementary School, Primary Center, Children Center (EEC), State Preschool, Academy School, Newcomer School, Magnet Center on Regular Campus)",Elementary School,0,Carmen Lomas Garza Primary Center,19647330109223, ,ES,Name: Carmen Lomas Garza Primary Center\nAddress: 2705 E HOSTETTER ST LOS ANGELES 90022,navigatela/reports/lausd_school_report.cfm?PK=686,GARZA PC,3124123.0,2957712.9499999937,0.94673383538356
-13169517.409261,4065031.59877451,699,8240,MOUNT GLEASON MS,10965 MT GLEASON AVE,SUNLAND,91040,J,MS,Mount Gleason Middle,"Middle School (Middle School, Academy School, Special Ed School, Magnet Center on Regular Campus)",Middle School,0,Mount Gleason Middle School,19647336058168, ,MS,Name: Mount Gleason Middle School\nAddress: 10965 MT GLEASON AVE SUNLAND 91040,navigatela/reports/lausd_school_report.cfm?PK=699,MOUNT GLEASON MS,11401673.0,10956642.390000023,0.960967955316735
-13180026.7817141,4054262.26644305,703,8116,ROMER MS,6513 LAUREL CANYON BLVD,LOS ANGELES,91606,J,MS,Romer Middle,"Middle School (Middle School, Academy School, Special Ed School, Magnet Center on Regular Campus)",Middle School,0,Roy Romer Middle School,19647330117044, ,MS,Name: Roy Romer Middle School\nAddress: 6513 LAUREL CANYON BLVD LOS ANGELES 91606,navigatela/reports/lausd_school_report.cfm?PK=703,ROMER MS,14890463.0,11052783.000000024,0.7422726210729662
-13187581.3627286,4061218.95352556,715,8363,SEPULVEDA MS,15330 PLUMMER ST,NORTH HILLS,91343,J,MS,Sepulveda Middle,"Middle School (Middle School, Academy School, Special Ed School, Magnet Center on Regular Campus)",Middle School,0,Francisco Sepulveda Middle School,19647336058291, ,MS,Name: Francisco Sepulveda Middle School\nAddress: 15330 PLUMMER ST NORTH HILLS 91343,navigatela/reports/lausd_school_report.cfm?PK=715,SEPULVEDA MS,20753883.0,15560533.480000023,0.7497649225448569
-13165933.8685038,4019678.1166518,724,8160,GOMPERS MS,234 E 112TH ST,LOS ANGELES,90061,J,MS,Gompers Middle,"Middle School (Middle School, Academy School, Special Ed School, Magnet Center on Regular Campus)",Middle School,0,Samuel Gompers Middle School,19647336058028, ,MS,Name: Samuel Gompers Middle School\nAddress: 234 E 112TH ST LOS ANGELES 90061,navigatela/reports/lausd_school_report.cfm?PK=724,GOMPERS MS,10509851.0,8952860.899999961,0.8518542175336227
-13163043.5360843,4000234.52415535,726,9585,WILMINGTON EEC,1419 YOUNG ST,WILMINGTON,90744,Z,ES,Wilmington EEC,"Elementary School (Elementary School, Primary Center, Children Center (EEC), State Preschool, Academy School, Newcomer School, Special Ed School, Magnet Center on Regular Campus)",Early Education Center,0,Wilmington Early Education Center, , ,ES,Name: Wilmington Early Education Center\nAddress: 1419 YOUNG ST WILMINGTON 90744,navigatela/reports/lausd_school_report.cfm?PK=726,WILMINGTON EEC,3003853.0,2614914.640000003,0.8705201752549152
-13154413.1985111,4033900.11221244,789,1953,PEREZ SP ED CTR,4540 MICHIGAN AVE,LOS ANGELES,90022,H,SS,Perez Spec Ed Ctr,"Span School (Span School, Special Ed School)",Handicapped (Special Ed),0,Alphonso B. Perez Special Education Center,19647336060545, ,SS,Name: Alphonso B. Perez Special Education Center\nAddress: 4540 MICHIGAN AVE LOS ANGELES 90022,navigatela/reports/lausd_school_report.cfm?PK=789,PEREZ SP ED CTR,14250598.0,15006749.129999952,1.0530610104923284
-13201017.1773461,4051724.9245377,792,8344,WOODLAND HILLS ACAD,20800 BURBANK BLVD,WOODLAND HILLS,91367,J,MS,Woodland Hills Acad,"Middle School (Middle School, Academy School, Special Ed School, Magnet Center on Regular Campus)",Middle School,0,Woodland Hills Academy Middle School,19647336061568,Y,MS,Name: Woodland Hills Academy Middle School\nAddress: 20800 BURBANK BLVD WOODLAND HILLS 91367,navigatela/reports/lausd_school_report.cfm?PK=792,WOODLAND HILLS ACAD,9969665.0,8347292.920000013,0.837269147960339
-13186040.6160946,4051527.87453636,797,8434,VAN NUYS MS,5435 VESPER AVE,VAN NUYS,91411,J,MS,Van Nuys Middle,"Middle School (Middle School, Academy School, Special Ed School, Magnet Center on Regular Campus)",Middle School,0,Van Nuys Middle School,19647336058333, ,MS,Name: Van Nuys Middle School\nAddress: 5435 VESPER AVE VAN NUYS 91411,navigatela/reports/lausd_school_report.cfm?PK=797,VAN NUYS MS,14490953.0,12118912.44999998,0.8363088645722597
-13178740.8088987,4049312.60079338,800,8355,REED MS,4525 IRVINE AVE,NO HOLLYWOOD,91602,J,MS,Reed Middle,"Middle School (Middle School, Academy School, Special Ed School, Magnet Center on Regular Campus)",Middle School,0,Walter Reed Middle School,19647336062699, ,MS,Name: Walter Reed Middle School\nAddress: 4525 IRVINE AVE NO HOLLYWOOD 91602,navigatela/reports/lausd_school_report.cfm?PK=800,REED MS,16862099.0,15216047.629999992,0.902381585471654
-13182299.1193545,4027087.76134032,819,9533,MARINA EEC,4908 WESTLAWN AVE,LOS ANGELES,90066,Z,ES,Marina EEC,"Elementary School (Elementary School, Primary Center, Children Center (EEC), State Preschool, Academy School, Newcomer School, Special Ed School, Magnet Center on Regular Campus)",Early Education Center,0,Marina Early Education Center, , ,ES,Name: Marina Early Education Center\nAddress: 4908 WESTLAWN AVE LOS ANGELES 90066,navigatela/reports/lausd_school_report.cfm?PK=819,MARINA EEC,2202619.0,2066808.7799999975,0.9383414834794386
-13185785.3711929,4070701.06946476,820,8306,OLIVE VISTA MS,14600 TYLER ST,SYLMAR,91342,J,MS,Olive Vista Middle,"Middle School (Middle School, Academy School, Special Ed School, Magnet Center on Regular Campus)",Middle School,0,Olive Vista Middle School,19647336061550, ,MS,Name: Olive Vista Middle School\nAddress: 14600 TYLER ST SYLMAR 91342,navigatela/reports/lausd_school_report.cfm?PK=820,OLIVE VISTA MS,15956504.0,15053225.679999989,0.9433912140152999
-13192565.0401744,4068442.55916651,828,8137,FROST MS,12314 BRADFORD PL,GRANADA HILLS,91344,J,MS,Frost Middle,"Middle School (Middle School, Academy School, Special Ed School, Magnet Center on Regular Campus)",Middle School,0,Robert Frost Middle School,19647336058275, ,MS,Name: Robert Frost Middle School\nAddress: 12314 BRADFORD PL GRANADA HILLS 91344,navigatela/reports/lausd_school_report.cfm?PK=828,FROST MS,15926759.0,15059501.089999983,0.9455471191596472
-13156185.6365717,4023981.37723442,854,3548,ELIZABETH LC,4811 ELIZABETH ST,CUDAHY,90201,EJ,SS,Elizabeth Lrng Ctr,"Span School (Span School, Special Ed School)",Span School,0,Elizabeth Learning Center,19647336016885, ,SS,Name: Elizabeth Learning Center\nAddress: 4811 ELIZABETH ST CUDAHY 90201,navigatela/reports/lausd_school_report.cfm?PK=854,ELIZABETH LC,24915566.0,19612292.87000008,0.7871502044143841
-13168549.0643186,4035520.58044062,864,8057,BERENDO MS,1157 S BERENDO ST,LOS ANGELES,90006,J,MS,Berendo Middle,"Middle School (Middle School, Academy School, Special Ed School, Magnet Center on Regular Campus)",Middle School,0,Berendo Middle School,19647336061402, ,MS,Name: Berendo Middle School\nAddress: 1157 S BERENDO ST LOS ANGELES 90006,navigatela/reports/lausd_school_report.cfm?PK=864,BERENDO MS,12225746.0,9795337.00999997,0.8012056695763162
-13170583.8916768,4000938.78121762,874,8127,FLEMING MS,25425 WALNUT ST,LOMITA,90717,J,MS,Fleming Middle,"Middle School (Middle School, Academy School, Special Ed School, Magnet Center on Regular Campus)",Middle School,0,Alexander Fleming Middle School,19647336057996, ,MS,Name: Alexander Fleming Middle School\nAddress: 25425 WALNUT ST LOMITA 90717,navigatela/reports/lausd_school_report.cfm?PK=874,FLEMING MS,16493293.0,15221622.280000003,0.9228977063585788
-13173263.9398101,4040623.42382258,879,8038,BANCROFT MS,929 N LAS PALMAS AVE,LOS ANGELES,90038,J,MS,Bancroft Middle,"Middle School (Middle School, Academy School, Special Ed School, Magnet Center on Regular Campus)",Middle School,0,Hubert Howe Bancroft Middle School,19647336057871, ,MS,Name: Hubert Howe Bancroft Middle School\nAddress: 929 N LAS PALMAS AVE LOS ANGELES 90038,navigatela/reports/lausd_school_report.cfm?PK=879,BANCROFT MS,9625202.0,8163318.669999996,0.8481192051865505
-13160091.1234202,4040586.32843899,886,8264,NIGHTINGALE MS,3311 N FIGUEROA ST,LOS ANGELES,90065,J,MS,Nightingale Middle,"Middle School (Middle School, Academy School, Special Ed School, Magnet Center on Regular Campus)",Middle School,0,Florence Nightingale Middle School,19647336058192, ,MS,Name: Florence Nightingale Middle School\nAddress: 3311 N FIGUEROA ST LOS ANGELES 90065,navigatela/reports/lausd_school_report.cfm?PK=886,NIGHTINGALE MS,13750553.0,12427108.780000033,0.9037533821367063
-13169928.0685714,4031375.01517523,901,8132,FOSHAY LC,3751 S HARVARD BLVD,LOS ANGELES,90018,EJ,SS,Foshay Learning Ctr,"Span School (Span School, Special Ed School)",Span School,0,Foshay Learning Center,19647336061451, ,SS,Name: Foshay Learning Center\nAddress: 3751 S HARVARD BLVD LOS ANGELES 90018,navigatela/reports/lausd_school_report.cfm?PK=901,FOSHAY LC,25013440.0,21359630.900000047,0.85392616529354
-13171658.6011619,4030865.73922929,902,7123,BRADLEY GLBL AWR MAG,3875 DUBLIN AVE,LOS ANGELES,90008,ES,M,Bradley Glbl Awr Mag,Magnet School,Elementary School Magnet - Self Contained,0,Thomas Bradley Elementary Politics and Government Magnet,19647336016810, ,M,Name: Thomas Bradley Elementary Politics and Government Magnet\nAddress: 3875 DUBLIN AVE LOS ANGELES 90008,navigatela/reports/lausd_school_report.cfm?PK=902,BRADLEY GLBL AWR MAG,5780569.0,4227407.599999996,0.7313134053066396
-13172211.3894393,4026142.92410668,906,4658,YES ACADEMY,3140 HYDE PARK BLVD,LOS ANGELES,90043,E,ES,YES Academy,"Elementary School (Elementary School, Primary Center, Children Center (EEC), State Preschool, Academy School, Newcomer School, Special Ed School, Magnet Center on Regular Campus)",Elementary School,0,Young Empowered Scholars Academy,19647336017677, ,ES,Name: Young Empowered Scholars Academy\nAddress: 3140 HYDE PARK BLVD LOS ANGELES 90043,navigatela/reports/lausd_school_report.cfm?PK=906,YES ACADEMY,11380244.0,8256477.620000001,0.7255097184208003
-13162971.4894966,4020711.41439618,927,8237,MARKHAM MS,1650 E 104TH ST,LOS ANGELES,90002,J,MS,Markham Middle,"Middle School (Middle School, Academy School, Special Ed School, Magnet Center on Regular Campus)",Middle School,0,Edwin Markham Middle School,19647336061527, ,MS,Name: Edwin Markham Middle School\nAddress: 1650 E 104TH ST LOS ANGELES 90002,navigatela/reports/lausd_school_report.cfm?PK=927,MARKHAM MS,13734469.0,11464201.660000034,0.834702940463154
-13161794.6055748,4033354.09609089,944,8757,METROPOLITAN HS,727 S WILSON ST,LOS ANGELES,90021,C,HS,Metropolitan Cont HS,"High School (High School, Academy School, Continuation High School, Newcomer School, Community Day School, Special Ed School, Magnet Center on Regular Campus)",Continuation High School,0,Metropolitan Continuation High School,19647331931468, ,HS,Name: Metropolitan Continuation High School\nAddress: 727 S WILSON ST LOS ANGELES 90021,navigatela/reports/lausd_school_report.cfm?PK=944,METROPOLITAN HS,2116366.0,1901827.330000002,0.8986287485245945
-13192713.2574814,4063707.95848377,966,8174,HENRY MS,17340 SAN JOSE ST,GRANADA HILLS,91344,J,MS,Henry Middle,"Middle School (Middle School, Academy School, Special Ed School, Magnet Center on Regular Campus)",Middle School,0,Patrick Henry Middle School,19647336061485, ,MS,Name: Patrick Henry Middle School\nAddress: 17340 SAN JOSE ST GRANADA HILLS 91344,navigatela/reports/lausd_school_report.cfm?PK=966,HENRY MS,15430290.0,14776580.749999981,0.9576346750449914
-13180923.3912036,4065287.33624713,974,8228,MACLAY MS,12540 PIERCE AVE,PACOIMA,91331,J,MS,Maclay Middle,"Middle School (Middle School, Academy School, Special Ed School, Magnet Center on Regular Campus)",Middle School,0,Charles Maclay Middle School,19647336058101, ,MS,Name: Charles Maclay Middle School\nAddress: 12540 PIERCE AVE PACOIMA 91331,navigatela/reports/lausd_school_report.cfm?PK=974,MACLAY MS,8207858.0,6816493.310000001,0.8304838253780708
-13195636.3870507,4053705.20826439,1002,8842,SOCES MAG,18605 ERWIN ST,RESEDA,91335,SP,M,Sherman Oaks Center for Enriched Studies,Magnet School,Span Magnet,0,Sherman Oaks Center for Enriched Studies,19647331933233, ,M,Name: Sherman Oaks Center for Enriched Studies\nAddress: 18605 ERWIN ST RESEDA 91335,navigatela/reports/lausd_school_report.cfm?PK=1002,SOCES MAG,19621361.0,17736284.55000005,0.903927334602327
-13194178.2418252,4058825.52405528,1005,8283,NORTHRIDGE MS,17960 CHASE ST,NORTHRIDGE,91325,J,MS,Northridge Middle,"Middle School (Middle School, Academy School, Special Ed School, Magnet Center on Regular Campus)",Middle School,0,Northridge Middle School,19647336058200, ,MS,Name: Northridge Middle School\nAddress: 17960 CHASE ST NORTHRIDGE 91325,navigatela/reports/lausd_school_report.cfm?PK=1005,NORTHRIDGE MS,14523720.0,11909021.459999986,0.8199704662441845
-13191955.5467153,4054712.79610322,1010,8259,MULHOLLAND MS,17120 VANOWEN ST,VAN NUYS,91406,J,MS,Mulholland Middle,"Middle School (Middle School, Academy School, Special Ed School, Magnet Center on Regular Campus)",Middle School,0,William Mulholland Middle School,19647336058184, ,MS,Name: William Mulholland Middle School\nAddress: 17120 VANOWEN ST VAN NUYS 91406,navigatela/reports/lausd_school_report.cfm?PK=1010,MULHOLLAND MS,16604143.0,14771095.239999918,0.8896029888444058
-13186864.3237055,4056575.94177602,1014,8142,FULTON COLLEGE PREP,7477 KESTER AVE,VAN NUYS,91405,EJ,SS,Fulton College Prep,"Span School (Span School, Special Ed School)",Span School,0,Robert Fulton College Preparatory School,19647336058002, ,SS,Name: Robert Fulton College Preparatory School\nAddress: 7477 KESTER AVE VAN NUYS 91405,navigatela/reports/lausd_school_report.cfm?PK=1014,FULTON COLLEGE PREP,22765857.0,19589018.950000003,0.8604560307130104
-13167181.8198566,4004974.03455195,1027,2815,CAROLDALE LC,22424 CAROLDALE AVE,CARSON,90745,EJ,SS,Caroldale Lrng Comm,"Span School (Span School, Special Ed School)",Span School,0,Caroldale Learning Community,19647336016349, ,SS,Name: Caroldale Learning Community\nAddress: 22424 CAROLDALE AVE CARSON 90745,navigatela/reports/lausd_school_report.cfm?PK=1027,CAROLDALE LC,9927074.0,9347507.45000002,0.9416175854033142
-13170835.9084592,3997415.3527831,1034,8110,DODSON MS,28014 MONTEREINA DR,RANCHO PALOS VERDES,90275,J,MS,Dodson Middle,"Middle School (Middle School, Academy School, Special Ed School, Magnet Center on Regular Campus)",Middle School,0,Rudecinda Sepulveda Dodson Middle School,19647336061436, ,MS,Name: Rudecinda Sepulveda Dodson Middle School\nAddress: 28014 MONTEREINA DR RANCHO PALOS VERDES 90275,navigatela/reports/lausd_school_report.cfm?PK=1034,DODSON MS,16052258.0,14743177.530000068,0.9184488269500819
-13170120.3950917,3994035.75157912,1036,1957,WILLENBERG SP ED CTR,308 WEYMOUTH AVE,SAN PEDRO,90731,H,SS,Willenberg Spec Ed Ctr,"Span School (Span School, Special Ed School)",Handicapped (Special Ed),0,Ernest P. Willenberg Special Education Center,19647336060503, ,SS,Name: Ernest P. Willenberg Special Education Center\nAddress: 308 WEYMOUTH AVE SAN PEDRO 90731,navigatela/reports/lausd_school_report.cfm?PK=1036,WILLENBERG SP ED CTR,8313585.0,8506387.329999978,1.0231912381962749
-13168624.5502656,3992639.84226905,1042,8104,DANA MS,1501 S CABRILLO AVE,SAN PEDRO,90731,J,MS,Dana Middle,"Middle School (Middle School, Academy School, Special Ed School, Magnet Center on Regular Campus)",Middle School,0,Richard Henry Dana Middle School,19647336057954, ,MS,Name: Richard Henry Dana Middle School\nAddress: 1501 S CABRILLO AVE SAN PEDRO 90731,navigatela/reports/lausd_school_report.cfm?PK=1042,DANA MS,21117829.0,18639050.91000001,0.8826215474137996
-13203034.4866292,4056272.3005429,1053,9592,CANOGA PARK EEC,7355 VASSAR AVE,CANOGA PARK,91303,Z,ES,Canoga Park EEC,"Elementary School (Elementary School, Primary Center, Children Center (EEC), State Preschool, Academy School, Newcomer School, Special Ed School, Magnet Center on Regular Campus)",Early Education Center,0,Canoga Park Early Education Center, , ,ES,Name: Canoga Park Early Education Center\nAddress: 7355 VASSAR AVE CANOGA PARK 91303,navigatela/reports/lausd_school_report.cfm?PK=1053,CANOGA PARK EEC,3604364.0,3270450.8999999934,0.9073586629985189
-13155287.3082424,4040893.61005933,1056,9581,EL SERENO EEC,3802 PUEBLO AVE,LOS ANGELES,90032,Z,ES,El Sereno EEC,"Elementary School (Elementary School, Primary Center, Children Center (EEC), State Preschool, Academy School, Newcomer School, Special Ed School, Magnet Center on Regular Campus)",Early Education Center,0,El Sereno Early Education Center, , ,ES,Name: El Sereno Early Education Center\nAddress: 3802 PUEBLO AVE LOS ANGELES 90032,navigatela/reports/lausd_school_report.cfm?PK=1056,EL SERENO EEC,1879653.0,1788119.0299999998,0.9513027298123642
-13162218.6930803,4023703.04709467,1058,9518,GRAHAM EEC,8332 S ELM ST,LOS ANGELES,90001,Z,ES,Graham EEC,"Elementary School (Elementary School, Primary Center, Children Center (EEC), State Preschool, Academy School, Newcomer School, Special Ed School, Magnet Center on Regular Campus)",Early Education Center,0,Graham Early Education Center, , ,ES,Name: Graham Early Education Center\nAddress: 8332 S ELM ST LOS ANGELES 90001,navigatela/reports/lausd_school_report.cfm?PK=1058,GRAHAM EEC,2037175.0,1842162.0699999982,0.9042728631560853
-13176353.2368538,4033566.51649587,1063,9584,MARVIN EEC,2341 CURSON AVE,LOS ANGELES,90016,Z,ES,Marvin EEC,"Elementary School (Elementary School, Primary Center, Children Center (EEC), State Preschool, Academy School, Newcomer School, Special Ed School, Magnet Center on Regular Campus)",Early Education Center,0,Marvin Early Education Center, , ,ES,Name: Marvin Early Education Center\nAddress: 2341 CURSON AVE LOS ANGELES 90016,navigatela/reports/lausd_school_report.cfm?PK=1063,MARVIN EEC,2897256.0,2745598.1800000058,0.9476546704882156
-13170394.7363634,4031947.45222472,1067,9566,36TH ST EEC,3556 S ST ANDREWS PL,LOS ANGELES,90018,Z,ES,36th St EEC,"Elementary School (Elementary School, Primary Center, Children Center (EEC), State Preschool, Academy School, Newcomer School, Special Ed School, Magnet Center on Regular Campus)",Early Education Center,0,36th Street EEC, , ,ES,Name: 36th Street EEC\nAddress: 3556 S ST ANDREWS PL LOS ANGELES 90018,navigatela/reports/lausd_school_report.cfm?PK=1067,36TH ST EEC,2202263.0,2108070.9199999985,0.9572294135623214
-13181104.6992964,4058815.76496766,1068,8080,BYRD MS,8401 ARLETA AVE,SUN VALLEY,91352,J,MS,Byrd Middle,"Middle School (Middle School, Academy School, Special Ed School, Magnet Center on Regular Campus)",Middle School,0,Richard E. Byrd Middle School,19647336057905, ,MS,Name: Richard E. Byrd Middle School\nAddress: 8401 ARLETA AVE SUN VALLEY 91352,navigatela/reports/lausd_school_report.cfm?PK=1068,BYRD MS,16617280.0,14854804.599999987,0.8939371906834324
-13152898.6310242,4032502.57452402,1094,3974,4TH ST PC,469 AMALIA AVE,LOS ANGELES,90022,EP,ES,4th St PC,"Elementary School (Elementary School, Primary Center, Children Center (EEC), State Preschool, Academy School, Newcomer School, Special Ed School, Magnet Center on Regular Campus)",Elementary School,0,4th Street Primary Center,19647330111948, ,ES,Name: 4th Street Primary Center\nAddress: 469 AMALIA AVE LOS ANGELES 90022,navigatela/reports/lausd_school_report.cfm?PK=1094,4TH ST PC,5036318.0,4504818.549999992,0.8944666619542277
-13155209.4823881,4034390.79978774,1170,7773,TORRES ENG & TECH,4211 DOZIER ST,LOS ANGELES,90063,S,HS,Torres Eng & Tech,"High School (High School, Academy School, Continuation High School, Newcomer School, Community Day School, Special Ed School, Magnet Center on Regular Campus)",High School,0,Engineering & Technology at Esteban Torres High School,19647330122382, ,HS,Name: Engineering & Technology at Esteban Torres High School\nAddress: 4211 DOZIER ST LOS ANGELES 90063,navigatela/reports/lausd_school_report.cfm?PK=1170,TORRES ENG & TECH,6036364.0,5185022.909999994,0.8589645869599636
-13155209.4823881,4034390.79978774,1171,7775,TORRES HUM/ART/TECH,4211 DOZIER ST,LOS ANGELES,90063,S,HS,Torres Hum/Art/Tech,"High School (High School, Academy School, Continuation High School, Newcomer School, Community Day School, Special Ed School, Magnet Center on Regular Campus)",High School,0,Humanitas Academy of Art & Technology at Esteban Torres High School,19647330122358, ,HS,Name: Humanitas Academy of Art & Technology at Esteban Torres High School\nAddress: 4211 DOZIER ST LOS ANGELES 90063,navigatela/reports/lausd_school_report.cfm?PK=1171,TORRES HUM/ART/TECH,6267951.0,5521941.329999997,0.8809802964318
-13155209.4823881,4034390.79978774,1172,7772,TORRES RENAISSANCE,4211 DOZIER ST,LOS ANGELES,90063,S,HS,Torres Renaissance,"High School (High School, Academy School, Continuation High School, Newcomer School, Community Day School, Special Ed School, Magnet Center on Regular Campus)",High School,0,ELA Renaissance Academy at Esteban Torres High School,19647330122374, ,HS,Name: ELA Renaissance Academy at Esteban Torres High School\nAddress: 4211 DOZIER ST LOS ANGELES 90063,navigatela/reports/lausd_school_report.cfm?PK=1172,TORRES RENAISSANCE,7585715.0,6137834.53,0.8091306528125563
